---
title: "[프로젝트] Movie database 구현"
layout: single
author_profile: true
read_time: true
comments: true
related: true
popular: true
categories:
- Database
toc: true
toc_sticky: true
toc_label: 목차
description: 데이터베이스설계 기말 프로젝트
Last_modified_at: 2020-12-28T00:00:00+08:00
---

## 01. Movie ERD


아래의 Movie ERD 에 대해, True, Fals 또는 Maybe로 답해보자.<br>
만약 Maybe로 답했다면, 그 문항에 대해서는 True 또는 False로 명확히 답할 수 있게끔 가정을 제시해보자.<br>
그리고 가정에 따라 ERD를 수정해보자.<br>

### (1) 수정 전

![1]({{ site.url }}{{ site.baseurl }}/assets/images/eclipse/1.PNG){: .align-center .open-new} 
<br>

**Assumption (T or F)**<br>
(1) There are no actors in this database that have been in no movies.<br>
(2) There are some actors who have acted in more than ten movies.<br>
(3) Some actors have done a lead role in multiple movies.<br>
(4) A movie can have only a maximum of two lead actors.<br>
(5) Every director has been an actor in some movie.<br>
(6) No producer has ever been an actor.<br>
(7) A producer cannot be an actor in some other movie.<br>
(8) There are movies with more than a dozen actors.<br>
(9) Some producers have been a director as well.<br>
(10) Most movies have one director and one producer.<br>
(11) Some movies have one director but several producers.<br>
(12) There are some actors who have done a lead role, directed a movie, and produced some movie.<br>
(13) No movie has a director who also acted in that movie.<br>
{: .notice--info}

<br>

### (2) 수정 후

![2]({{ site.url }}{{ site.baseurl }}/assets/images/eclipse/2.PNG){: .align-center .open-new} 
-> Performs_in 과 Lead_role 은 trigger로 Insert를 제한한다.<br>
<br>

**Assumption (T or F)**<br>
**(1) T<br>**
**(2) Maybe <br>**
(Actor와 Movie의 관계는 Performs_in 이다. 해당 릴레이션은 M : N 관계로, 제한이 없다. 따라서 일부 배우들은 10편 이상의 영화에 출연했을 수 있다. 따라서 **False** 로 가정한다. 한 배우는 10편 이상의 영화에 출연할 수 없다. 그러므로 M : N 관계를 유지하지만, trigger를 통해 한 배우가 10편 이상의 영화에 출연하려고 하는 경우, INSERT가 불가능하도록 제한한다.)<br>
**(3) T<br>**
(True이지만 이 또한, 2번 가정에 의해 한 배우는 10편 이상의 영화에서 주연을 맡을 수 없다.)<br>
**(4) T<br>**
(Lead_role 이 2 : N 관계이므로, True이다. 이는 trigger를 통해 한 영화의 주연 배우가 2명 이상 INSERT 될 경우, 제한한다.)<br>
**(5) F<br>**
**(6) F<br>**
**(7) F<br>**
**(8) Maybe<br>**
(2번의 이유와 같다. Performs_in 은 M : N 관계이고, 이는 제한이 없다. **False**로, 한 영화에는 10명 이상의 배우가 출연하지 않는다고 가정한다. 이것 또한 trigger를 통해 한 영화에 10명 이상의 배우가 INSERT 될 경우, 제한한다.)<br>
**(9) T<br>**
**(10) Maybe<br>**
(영화에는 감독 1명, 제작자 1명만이 있다고 가정한다. 따라서 **True**로 가정하는 것이다. 또한 영화에는 감독과 제작자가 무조건 있다고 가정한다. 즉, Movie와 Producer 사이의 Produce 릴레이션을 1 : 1 관계로 수정한다. 또한, 전체 참여로 수정한다.)<br>
**(11) T<br>**
(True 이지만, 10번에서 감독 1명, 제작자 1명으로 가정했기 때문에 **False**로 수정한다. 따라서 Director와 Movie 관계가 1 : 1이고, 전체참여로 수정한다.)<br>
**(12) T<br>**
**(13) F<br>**
{: .notice--info}

<br>

## 02. MySQL Database 및 Table 생성

### (1) Database 생성

```sql
mysql> create database movies;
Query OK, 1 row affected (0.00 sec)

mysql> create user 'movieuser'@'localhost' identified by 'movie1234';
Query OK, 0 rows affected (0.02 sec)

mysql> grant all privileges on movies.* to movieuser@'localhost';
Query OK, 0 rows affected (0.01 sec)

mysql> flush privileges;
Query OK, 0 rows affected (0.01 sec)

mysql> set global time_zone = '+9:00';
Query OK, 0 rows affected (0.01 sec)

mysql> set time_zone = '+9:00';
Query OK, 0 rows affected (0.00 sec)
```

### (2) Table 생성

```sql
mysql> CREATE TABLE Actor (AID INT NOT NULL,
    -> Aname VARCHAR(20) NOT NULL,
    -> Agender VARCHAR(10),
    -> Aage INT,
    -> Aaddr VARCHAR(45),
    -> Aphone VARCHAR(15),
    -> PRIMARY KEY (AID));
Query OK, 0 rows affected (0.04 sec)

mysql> CREATE TABLE Movie (MID INT NOT NULL,
    -> Title VARCHAR(45) NOT NULL,
    -> Run_time VARCHAR(45),
    -> Genre VARCHAR(45),
    -> ReleaseDate DATE,
    -> PRIMARY KEY (MID));
Query OK, 0 rows affected (0.05 sec)

mysql> CREATE TABLE Director (DID INT NOT NULL,
    -> Dname VARCHAR(20) NOT NULL,
    -> Dgender VARCHAR(10),
    -> Dage INT,
    -> Daddr VARCHAR(45),
    -> Dphone VARCHAR(15),
    -> AID INT,
    -> MID INT NOT NULL,
    -> PRIMARY KEY(DID),
    -> FOREIGN KEY (AID) REFERENCES Actor (AID)
    -> ON DELETE CASCADE
    -> ON UPDATE CASCADE,
    -> FOREIGN KEY (MID) REFERENCES Movie (MID)
    -> ON DELETE CASCADE
    -> ON UPDATE CASCADE);
Query OK, 0 rows affected (0.05 sec)

mysql> CREATE TABLE Producer (PID INT NOT NULL,
    -> Pname VARCHAR(20) NOT NULL,
    -> Pgender VARCHAR(10),
    -> Page INT,
    -> Paddr VARCHAR(45),
    -> Pphone VARCHAR(15),
    -> AID INT,
    -> MID INT NOT NULL,
    -> PRIMARY KEY (PID),
    -> FOREIGN KEY (AID) REFERENCES Actor (AID)
    -> ON DELETE CASCADE
    -> ON UPDATE CASCADE,
    -> FOREIGN KEY (MID) REFERENCES Movie (MID)
    -> ON DELETE CASCADE
    -> ON UPDATE CASCADE);
Query OK, 0 rows affected (0.04 sec)

mysql> CREATE TABLE Performs_in (AID INT,
    -> MID INT,
    -> FOREIGN KEY (AID) REFERENCES Actor (AID)
    -> ON DELETE CASCADE
    -> ON UPDATE CASCADE,
    -> FOREIGN KEY (MID) REFERENCES Movie (MID)
    -> ON DELETE CASCADE
    -> ON UPDATE CASCADE);
Query OK, 0 rows affected (0.16 sec)

mysql> CREATE TABLE Lead_role (AID INT,
    -> MID INT NOT NULL,
    -> FOREIGN KEY (AID) REFERENCES Actor (AID)
    -> ON DELETE CASCADE
    -> ON UPDATE CASCADE,
    -> FOREIGN KEY (MID) REFERENCES Movie (MID)
    -> ON DELETE CASCADE
    -> ON UPDATE CASCADE);
Query OK, 0 rows affected (0.05 sec)
```

## 03. Index 생성
### (1) 생성 전
```sql
mysql> SELECT m.title, a.AID
    -> FROM Movie as m, Actor as a, Performs_in as pi
    -> WHERE (pi.AID = a.AID) AND (pi.MID = m.MID);
+---------+-----+
| title   | AID |
+---------+-----+
| Movie-1 |   1 |
| Movie-1 |   2 |
| Movie-1 |   3 |
| Movie-3 |   4 |
| Movie-1 |   5 |
| Movie-5 |   6 |
| Movie-3 |   7 |
| Movie-2 |   8 |
| Movie-2 |   9 |
| Movie-5 |  10 |
+---------+-----+
10 rows in set (0.01 sec)
```
영화에 출연하는 배우 id 목록을 select 해보았다. <br>
Join 결과, 시간이 0.01 sec 소요된 것을 확인할 수 있다.<br>

<br>

### (2) 생성
```sql
mysql> CREATE INDEX index_1 ON Performs_in (AID);
Query OK, 0 rows affected (0.05 sec)
Records: 0  Duplicates: 0  Warnings: 0
```

<br>

### (3) 생성 후
```sql
mysql> SELECT m.title, a.AID
    -> FROM Movie as m, Actor as a, Performs_in as pi
    -> WHERE (pi.AID = a.AID) AND (pi.MID = m.MID);
+---------+-----+
| title   | AID |
+---------+-----+
| Movie-1 |   1 |
| Movie-1 |   2 |
| Movie-1 |   3 |
| Movie-3 |   4 |
| Movie-1 |   5 |
| Movie-5 |   6 |
| Movie-3 |   7 |
| Movie-2 |   8 |
| Movie-2 |   9 |
| Movie-5 |  10 |
+---------+-----+
10 rows in set (0.00 sec)
```
Index 생성 후, 조인을 해보니 0.00 sec 으로 시간이 단축 된 것을 확인할 수 있다.<br>
Index 가 잘 실행되고 있음을 알 수 있다.<br>

<br>

## 04. View 생성
### (1) View 1
```sql
mysql> CREATE VIEW V1
    -> AS
    -> SELECT m.title, a.aname, a.agender
    -> FROM Lead_role lr, Movie m, Actor a
    -> WHERE (lr.AID = a.AID) AND (lr.MID = m.MID);
Query OK, 0 rows affected (0.01 sec)

mysql> SELECT * FROM V1;
+---------+----------+---------+
| title   | aname    | agender |
+---------+----------+---------+
| Movie-1 | Actor-1  | female  |
| Movie-1 | Actor-3  | male    |
| Movie-2 | Actor-5  | male    |
| Movie-3 | Actor-10 | female  |
| Movie-3 | Actor-4  | female  |
| Movie-5 | Actor-2  | female  |
| Movie-5 | Actor-6  | female  |
+---------+----------+---------+
7 rows in set (0.00 sec)
```
영화에 참여하는 주연배우의 이름과 성별을 조인하여 첫 번째 View를 만들었다.<br>

<br>

### (1) View 2
```sql
mysql> CREATE VIEW V2
    -> AS
    -> SELECT m.title, d.dname, p.pname
    -> FROM Movie m, Director d, Producer p
    -> WHERE (d.MID = m.MID) AND (p.MID = m.MID);
Query OK, 0 rows affected (0.01 sec)

mysql> SELECT * FROM V2;
+---------+------------+------------+
| title   | dname      | pname      |
+---------+------------+------------+
| Movie-1 | Director-2 | Producer-1 |
| Movie-2 | Director-5 | Producer-3 |
| Movie-3 | Director-1 | Producer-5 |
| Movie-4 | Director-4 | Producer-2 |
| Movie-5 | Director-3 | Producer-4 |
+---------+------------+------------+
5 rows in set (0.00 sec)
```
영화 제작에 참여하는 제작자와 프로듀서의 이름을 조인하여 두 번째 View를 만들었다.<br>

<br>

## 05. Trigger
### (1) Trigger 1
하나의 영화의 주연 배우가 2명만 가능하도록 제한하는 Trigger를 생성해보자.<br>

```sql
mysql> delimiter //
mysql> create trigger Lead_role_trigger
    -> before insert on Lead_role
    -> for each row
    -> begin
    -> set @sum = (select count(*) from Lead_role where MID = NEW.MID);
    -> if @sum > 1 then
    -> SIGNAL SQLSTATE '45000'
    -> SET MESSAGE_TEXT = 'Maximum';
    -> end if;
    -> end; //
Query OK, 0 rows affected (0.03 sec)
```
생성된 Trigger가 제대로 작동하는지를 살펴보자.<br>

<br>

```sql
mysql> delimiter ;

mysql> SELECT * FROM Lead_role;
+------+-----+
| AID  | MID |
+------+-----+
|    1 |   1 |
|    3 |   1 |
|   10 |   3 |
|    4 |   3 |
|    6 |   5 |
|    2 |   5 |
|    5 |   2 |
+------+-----+
7 rows in set (0.01 sec)

mysql> INSERT INTO Lead_role VALUES ('9', '1');
ERROR 1644 (45000): Maximum
```
2명의 주연 배우가 이미 존재한다.<br>
그럼에도 또 주연 배우를 INSERT 하려고 시도하는 경우, ERROR가 발생한다.<br>
따라서 Trigger가 제대로 작동하고 있음을 알 수 있다. <br>

<br>

### (2) Trigger 2
이번에는 한 영화에 참여하는 배우는 10명이도록 제한하는 Trigger를 생성해보자.<br>

```sql
mysql> delimiter //
mysql> create trigger Performs_in_MID_trigger
    -> before insert on Performs_in
    -> for each row
    -> begin
    -> set @sum_mid = (select count(*) from Performs_in where MID = NEW.MID);
    -> if @sum_mid > 8 then
    -> SIGNAL SQLSTATE '45000'
    -> SET MESSAGE_TEXT = 'Maximum';
    -> end if;
    -> end; //
Query OK, 0 rows affected (0.02 sec)
mysql> delimiter ;
```
생성된 Trigger가 제대로 작동하는지를 살펴보자.<br>

<br>

```sql
mysql> SELECT count(AID) FROM Performs_in WHERE MID = 1;
+------------+
| count(AID) |
+------------+
|          9 |
+------------+
1	row in set (0.00 sec)
```
현재 MID가 1인 영화에 참여하고 있는 배우의 수는 9명이다.<br>

<br>

```sql
mysql> INSERT INTO Performs_in VALUES ('10', '1');
ERROR 1644 (45000): Maximum
```
MID가 1인 영화에 AID가 10인 배우를 INSERT 해보았지만 ERROR가 발생했다.<br>
Trigger가 제대로 작동되고 있다.<br>

<br>


### (3) Trigger 3
마지막으로 한 명의 배우는 열 개 이상의 영화에 참여할 수 없도록 제한하는 Trigger를 생성해보자.<br>

```sql
mysql> delimiter //
mysql> create trigger Performs_in_AID_trigger
    -> before insert on Performs_in
    -> for each row
    -> begin
    -> set @sum_aid = (select count(*) from Performs_in where AID = NEW.AID);
    -> if @sum_aid > 8 then
    -> SIGNAL SQLSTATE '45000'
    -> SET MESSAGE_TEXT = 'Maximum';
    -> end if;
    -> end; //
Query OK, 0 rows affected (0.03 sec)
mysql> delimiter ;

mysql> select * from Performs_in;
+------+------+
| AID  | MID  |
+------+------+
|    1 |    1 |
|    2 |    1 |
|    3 |    1 |
|    4 |    3 |
|    5 |    1 |
|    6 |    5 |
|    7 |    3 |
|    8 |    2 |
|    9 |    2 |
|   10 |    5 |
+------+------+
10 rows in set (0.01 sec)
```
<br>
